brutj101,Bruton,Jack,?,R,BFA,
currg102,Curry,Goose,L,R,BFA,
dawsj102,Dawson,Johnnie,?,?,BFA,
dougj102,Douglas,Jesse,L,R,BFA,
dunbv101,Dunbar,Vet,?,?,BFA,
fordj101,Ford,Jimmy,R,R,BFA,
glade101,Gladney,Elton,?,?,BFA,
haysc101,Hayslett,Claude,?,R,BFA,
hendl101,Henderson,Leonard,?,R,BFA,
hoskb101,Hoskins,Bill,L,R,BFA,
johnj110,Johnson,Johnny,?,R,BFA,
lawsl101,Lawson,L.B.,?,?,BFA,
longe101,Long,Emory,R,R,BFA,
millh104,Miller,Henry,R,R,BFA,
ray-j102,Ray,Johnny,L,R,BFA,
rootu101,Root,,?,?,BFA,
sayla101,Saylor,Alfred,B,R,BFA,
sumrw101,Sumrall,William,?,R,BFA,
